Ip Addresses, Date Added
102.130.113.9,2023-01-03
102.130.127.238,2023-01-03
102.130.127.239,2023-01-03
103.109.101.105,2023-01-03
103.163.218.11,2023-01-03
103.196.37.111,2023-01-03
103.214.7.251,2023-01-03
103.236.201.88,2023-01-03
103.251.167.10,2023-01-03
103.251.167.20,2023-01-03
103.251.167.21,2023-01-03
103.253.24.18,2023-01-03
103.253.41.98,2023-01-03
103.28.52.93,2023-01-03
103.47.209.10,2023-01-03
103.75.190.57,2023-01-03
104.149.136.105,2023-01-03
104.149.141.229,2023-01-03
104.149.155.226,2023-01-03
104.192.1.138,2023-01-03
104.192.3.74,2023-01-03
104.219.236.100,2023-01-03
104.244.72.115,2023-01-03
104.244.72.123,2023-01-03
104.244.72.132,2023-01-03
104.244.72.182,2023-01-03
104.244.72.4,2023-01-03
104.244.72.91,2023-01-03
104.244.73.136,2023-01-03
104.244.73.193,2023-01-03
104.244.74.23,2023-01-03
104.244.74.28,2023-01-03
104.244.74.57,2023-01-03
104.244.74.97,2023-01-03
104.244.75.33,2023-01-03
104.244.75.74,2023-01-03
104.244.76.127,2023-01-03
104.244.76.13,2023-01-03
104.244.76.170,2023-01-03
104.244.77.196,2023-01-03
104.244.77.208,2023-01-03
104.244.77.53,2023-01-03
104.244.77.80,2023-01-03
104.244.78.139,2023-01-03
104.244.79.40,2023-01-03
107.152.217.4,2023-01-03
107.174.138.172,2023-01-03
107.174.244.102,2023-01-03
107.189.1.160,2023-01-03
107.189.1.175,2023-01-03
107.189.1.188,2023-01-03
107.189.1.76,2023-01-03
107.189.10.143,2023-01-03
107.189.10.63,2023-01-03
107.189.11.181,2023-01-03
107.189.11.80,2023-01-03
107.189.12.148,2023-01-03
107.189.12.7,2023-01-03
107.189.12.88,2023-01-03
107.189.13.251,2023-01-03
107.189.13.91,2023-01-03
107.189.14.123,2023-01-03
107.189.14.43,2023-01-03
107.189.14.45,2023-01-03
107.189.2.111,2023-01-03
107.189.2.91,2023-01-03
107.189.28.157,2023-01-03
107.189.28.230,2023-01-03
107.189.29.103,2023-01-03
107.189.29.207,2023-01-03
107.189.29.64,2023-01-03
107.189.3.87,2023-01-03
107.189.30.22,2023-01-03
107.189.30.230,2023-01-03
107.189.30.69,2023-01-03
107.189.30.86,2023-01-03
107.189.31.102,2023-01-03
107.189.31.134,2023-01-03
107.189.31.182,2023-01-03
107.189.31.33,2023-01-03
107.189.31.70,2023-01-03
107.189.4.169,2023-01-03
107.189.4.23,2023-01-03
107.189.5.241,2023-01-03
107.189.6.124,2023-01-03
107.189.6.222,2023-01-03
107.189.7.88,2023-01-03
107.189.8.136,2023-01-03
107.189.8.181,2023-01-03
107.189.8.95,2023-01-03
109.169.33.163,2023-01-03
109.201.133.100,2023-01-03
109.248.144.68,2023-01-03
109.69.67.17,2023-01-03
109.70.100.1,2023-01-03
109.70.100.10,2023-01-03
109.70.100.11,2023-01-03
109.70.100.12,2023-01-03
109.70.100.13,2023-01-03
109.70.100.14,2023-01-03
109.70.100.15,2023-01-03
109.70.100.16,2023-01-03
109.70.100.17,2023-01-03
109.70.100.18,2023-01-03
109.70.100.2,2023-01-03
109.70.100.3,2023-01-03
109.70.100.4,2023-01-03
109.70.100.5,2023-01-03
109.70.100.6,2023-01-03
109.70.100.65,2023-01-03
109.70.100.66,2023-01-03
109.70.100.67,2023-01-03
109.70.100.68,2023-01-03
109.70.100.69,2023-01-03
109.70.100.7,2023-01-03
109.70.100.70,2023-01-03
109.70.100.71,2023-01-03
109.70.100.72,2023-01-03
109.70.100.73,2023-01-03
109.70.100.74,2023-01-03
109.70.100.75,2023-01-03
109.70.100.76,2023-01-03
109.70.100.77,2023-01-03
109.70.100.78,2023-01-03
109.70.100.79,2023-01-03
109.70.100.8,2023-01-03
109.70.100.9,2023-01-03
109.98.208.54,2023-01-03
114.35.245.150,2023-01-03
115.160.185.148,2023-01-03
118.163.74.160,2023-01-03
122.254.107.170,2023-01-03
125.212.241.131,2023-01-03
128.31.0.13,2023-01-03
131.255.4.96,2023-01-03
135.125.128.111,2023-01-03
135.125.205.25,2023-01-03
136.243.102.134,2023-01-03
137.74.169.241,2023-01-03
138.59.18.110,2023-01-03
139.144.147.83,2023-01-03
139.28.36.142,2023-01-03
139.99.170.34,2023-01-03
139.99.172.11,2023-01-03
139.99.237.205,2023-01-03
141.239.149.94,2023-01-03
141.255.161.166,2023-01-03
141.255.162.218,2023-01-03
141.98.11.131,2023-01-03
141.98.6.54,2023-01-03
143.198.121.101,2023-01-03
143.198.235.52,2023-01-03
144.172.118.4,2023-01-03
144.172.73.16,2023-01-03
144.172.73.34,2023-01-03
144.217.80.80,2023-01-03
144.217.86.109,2023-01-03
145.249.104.60,2023-01-03
146.185.253.104,2023-01-03
146.185.253.130,2023-01-03
146.59.233.33,2023-01-03
146.59.234.220,2023-01-03
146.59.44.45,2023-01-03
146.70.146.26,2023-01-03
146.70.161.113,2023-01-03
149.56.22.133,2023-01-03
150.117.197.6,2023-01-03
151.80.148.159,2023-01-03
154.223.151.29,2023-01-03
156.146.63.138,2023-01-03
160.119.249.240,2023-01-03
160.202.162.186,2023-01-03
162.210.173.17,2023-01-03
162.247.72.199,2023-01-03
162.247.73.192,2023-01-03
162.247.74.200,2023-01-03
162.247.74.201,2023-01-03
162.247.74.202,2023-01-03
162.247.74.204,2023-01-03
162.247.74.206,2023-01-03
162.247.74.213,2023-01-03
162.247.74.216,2023-01-03
162.247.74.217,2023-01-03
162.247.74.27,2023-01-03
162.247.74.7,2023-01-03
162.247.74.74,2023-01-03
162.251.5.152,2023-01-03
163.172.213.212,2023-01-03
163.172.41.228,2023-01-03
166.70.207.2,2023-01-03
167.86.94.107,2023-01-03
167.99.214.205,2023-01-03
169.239.128.179,2023-01-03
171.25.193.20,2023-01-03
171.25.193.234,2023-01-03
171.25.193.235,2023-01-03
171.25.193.25,2023-01-03
171.25.193.77,2023-01-03
171.25.193.78,2023-01-03
171.25.193.79,2023-01-03
171.25.193.80,2023-01-03
172.105.125.233,2023-01-03
172.107.201.134,2023-01-03
172.107.227.246,2023-01-03
172.107.241.110,2023-01-03
172.81.131.110,2023-01-03
172.81.131.111,2023-01-03
172.81.131.139,2023-01-03
172.81.131.168,2023-01-03
173.237.206.68,2023-01-03
173.249.57.253,2023-01-03
173.73.115.238,2023-01-03
176.10.107.180,2023-01-03
176.121.81.51,2023-01-03
176.125.235.95,2023-01-03
176.126.253.190,2023-01-03
176.58.100.98,2023-01-03
176.58.89.182,2023-01-03
178.148.248.64,2023-01-03
178.17.170.23,2023-01-03
178.17.171.102,2023-01-03
178.17.171.197,2023-01-03
178.17.174.14,2023-01-03
178.17.174.164,2023-01-03
178.17.174.68,2023-01-03
178.170.37.11,2023-01-03
178.175.135.7,2023-01-03
178.175.136.12,2023-01-03
178.175.148.195,2023-01-03
178.175.148.209,2023-01-03
178.20.55.16,2023-01-03
178.218.144.51,2023-01-03
178.218.144.99,2023-01-03
178.254.18.25,2023-01-03
178.255.44.94,2023-01-03
178.62.220.93,2023-01-03
179.43.128.16,2023-01-03
179.43.159.194,2023-01-03
179.43.159.195,2023-01-03
179.43.159.196,2023-01-03
179.43.159.197,2023-01-03
179.43.159.198,2023-01-03
179.43.159.199,2023-01-03
179.43.159.200,2023-01-03
179.43.159.201,2023-01-03
179.43.187.43,2023-01-03
179.48.251.188,2023-01-03
180.150.226.99,2023-01-03
181.119.30.26,2023-01-03
184.105.48.40,2023-01-03
185.10.16.41,2023-01-03
185.10.68.195,2023-01-03
185.100.85.132,2023-01-03
185.100.85.22,2023-01-03
185.100.85.23,2023-01-03
185.100.85.24,2023-01-03
185.100.85.25,2023-01-03
185.100.86.121,2023-01-03
185.100.86.122,2023-01-03
185.100.86.128,2023-01-03
185.100.86.245,2023-01-03
185.100.87.129,2023-01-03
185.100.87.136,2023-01-03
185.100.87.139,2023-01-03
185.100.87.174,2023-01-03
185.100.87.192,2023-01-03
185.100.87.238,2023-01-03
185.100.87.250,2023-01-03
185.100.87.253,2023-01-03
185.100.87.41,2023-01-03
185.101.34.108,2023-01-03
185.101.34.74,2023-01-03
185.107.47.171,2023-01-03
185.107.70.56,2023-01-03
185.112.147.10,2023-01-03
185.112.156.51,2023-01-03
185.125.168.210,2023-01-03
185.129.61.1,2023-01-03
185.129.61.10,2023-01-03
185.129.61.129,2023-01-03
185.129.61.2,2023-01-03
185.129.61.3,2023-01-03
185.129.61.4,2023-01-03
185.129.61.5,2023-01-03
185.129.61.6,2023-01-03
185.129.61.7,2023-01-03
185.129.61.8,2023-01-03
185.129.61.9,2023-01-03
185.129.62.62,2023-01-03
185.129.62.63,2023-01-03
185.130.44.108,2023-01-03
185.130.46.141,2023-01-03
185.130.47.58,2023-01-03
185.14.97.105,2023-01-03
185.14.97.147,2023-01-03
185.14.97.176,2023-01-03
185.142.239.49,2023-01-03
185.145.245.26,2023-01-03
185.146.232.168,2023-01-03
185.146.232.191,2023-01-03
185.146.232.243,2023-01-03
185.154.110.142,2023-01-03
185.154.110.143,2023-01-03
185.154.110.17,2023-01-03
185.155.99.28,2023-01-03
185.155.99.77,2023-01-03
185.16.38.110,2023-01-03
185.16.38.111,2023-01-03
185.16.38.112,2023-01-03
185.163.204.44,2023-01-03
185.165.171.84,2023-01-03
185.170.113.109,2023-01-03
185.170.114.125,2023-01-03
185.170.114.25,2023-01-03
185.181.61.142,2023-01-03
185.181.61.23,2023-01-03
185.181.62.16,2023-01-03
185.183.157.127,2023-01-03
185.183.157.214,2023-01-03
185.183.158.57,2023-01-03
185.183.159.107,2023-01-03
185.183.159.40,2023-01-03
185.185.170.27,2023-01-03
185.191.204.254,2023-01-03
185.193.127.153,2023-01-03
185.193.52.180,2023-01-03
185.194.141.107,2023-01-03
185.194.141.178,2023-01-03
185.194.142.194,2023-01-03
185.194.142.226,2023-01-03
185.194.142.241,2023-01-03
185.194.142.90,2023-01-03
185.195.71.10,2023-01-03
185.195.71.11,2023-01-03
185.195.71.12,2023-01-03
185.195.71.2,2023-01-03
185.195.71.244,2023-01-03
185.195.71.3,2023-01-03
185.195.71.4,2023-01-03
185.195.71.5,2023-01-03
185.195.71.6,2023-01-03
185.195.71.7,2023-01-03
185.195.71.8,2023-01-03
185.195.71.9,2023-01-03
185.196.2.251,2023-01-03
185.202.93.153,2023-01-03
185.207.104.18,2023-01-03
185.207.104.225,2023-01-03
185.207.104.96,2023-01-03
185.207.105.124,2023-01-03
185.207.106.222,2023-01-03
185.207.107.106,2023-01-03
185.207.107.130,2023-01-03
185.207.107.216,2023-01-03
185.207.107.227,2023-01-03
185.220.100.240,2023-01-03
185.220.100.241,2023-01-03
185.220.100.242,2023-01-03
185.220.100.243,2023-01-03
185.220.100.244,2023-01-03
185.220.100.245,2023-01-03
185.220.100.246,2023-01-03
185.220.100.247,2023-01-03
185.220.100.248,2023-01-03
185.220.100.249,2023-01-03
185.220.100.250,2023-01-03
185.220.100.251,2023-01-03
185.220.100.252,2023-01-03
185.220.100.253,2023-01-03
185.220.100.254,2023-01-03
185.220.100.255,2023-01-03
185.220.101.0,2023-01-03
185.220.101.1,2023-01-03
185.220.101.10,2023-01-03
185.220.101.11,2023-01-03
185.220.101.12,2023-01-03
185.220.101.13,2023-01-03
185.220.101.14,2023-01-03
185.220.101.15,2023-01-03
185.220.101.16,2023-01-03
185.220.101.17,2023-01-03
185.220.101.18,2023-01-03
185.220.101.19,2023-01-03
185.220.101.2,2023-01-03
185.220.101.20,2023-01-03
185.220.101.21,2023-01-03
185.220.101.22,2023-01-03
185.220.101.23,2023-01-03
185.220.101.24,2023-01-03
185.220.101.25,2023-01-03
185.220.101.26,2023-01-03
185.220.101.27,2023-01-03
185.220.101.28,2023-01-03
185.220.101.29,2023-01-03
185.220.101.3,2023-01-03
185.220.101.30,2023-01-03
185.220.101.31,2023-01-03
185.220.101.32,2023-01-03
185.220.101.33,2023-01-03
185.220.101.34,2023-01-03
185.220.101.35,2023-01-03
185.220.101.36,2023-01-03
185.220.101.37,2023-01-03
185.220.101.38,2023-01-03
185.220.101.39,2023-01-03
185.220.101.4,2023-01-03
185.220.101.40,2023-01-03
185.220.101.41,2023-01-03
185.220.101.42,2023-01-03
185.220.101.43,2023-01-03
185.220.101.44,2023-01-03
185.220.101.45,2023-01-03
185.220.101.46,2023-01-03
185.220.101.47,2023-01-03
185.220.101.48,2023-01-03
185.220.101.49,2023-01-03
185.220.101.5,2023-01-03
185.220.101.50,2023-01-03
185.220.101.51,2023-01-03
185.220.101.52,2023-01-03
185.220.101.53,2023-01-03
185.220.101.54,2023-01-03
185.220.101.55,2023-01-03
185.220.101.56,2023-01-03
185.220.101.57,2023-01-03
185.220.101.58,2023-01-03
185.220.101.59,2023-01-03
185.220.101.6,2023-01-03
185.220.101.60,2023-01-03
185.220.101.61,2023-01-03
185.220.101.62,2023-01-03
185.220.101.63,2023-01-03
185.220.101.64,2023-01-03
185.220.101.65,2023-01-03
185.220.101.66,2023-01-03
185.220.101.67,2023-01-03
185.220.101.68,2023-01-03
185.220.101.69,2023-01-03
185.220.101.7,2023-01-03
185.220.101.70,2023-01-03
185.220.101.71,2023-01-03
185.220.101.72,2023-01-03
185.220.101.73,2023-01-03
185.220.101.74,2023-01-03
185.220.101.75,2023-01-03
185.220.101.76,2023-01-03
185.220.101.77,2023-01-03
185.220.101.78,2023-01-03
185.220.101.79,2023-01-03
185.220.101.8,2023-01-03
185.220.101.80,2023-01-03
185.220.101.81,2023-01-03
185.220.101.82,2023-01-03
185.220.101.83,2023-01-03
185.220.101.84,2023-01-03
185.220.101.9,2023-01-03
185.220.102.240,2023-01-03
185.220.102.241,2023-01-03
185.220.102.242,2023-01-03
185.220.102.243,2023-01-03
185.220.102.244,2023-01-03
185.220.102.245,2023-01-03
185.220.102.246,2023-01-03
185.220.102.247,2023-01-03
185.220.102.248,2023-01-03
185.220.102.249,2023-01-03
185.220.102.250,2023-01-03
185.220.102.251,2023-01-03
185.220.102.252,2023-01-03
185.220.102.253,2023-01-03
185.220.102.254,2023-01-03
185.220.103.113,2023-01-03
185.220.103.114,2023-01-03
185.220.103.115,2023-01-03
185.220.103.116,2023-01-03
185.220.103.117,2023-01-03
185.220.103.118,2023-01-03
185.220.103.119,2023-01-03
185.220.103.120,2023-01-03
185.220.103.4,2023-01-03
185.220.103.5,2023-01-03
185.220.103.6,2023-01-03
185.220.103.7,2023-01-03
185.220.103.8,2023-01-03
185.220.103.9,2023-01-03
185.225.68.13,2023-01-03
185.225.69.232,2023-01-03
185.227.68.78,2023-01-03
185.228.136.146,2023-01-03
185.228.137.72,2023-01-03
185.228.138.234,2023-01-03
185.228.138.240,2023-01-03
185.233.100.23,2023-01-03
185.235.146.29,2023-01-03
185.241.208.202,2023-01-03
185.241.208.204,2023-01-03
185.241.208.206,2023-01-03
185.241.208.232,2023-01-03
185.243.216.91,2023-01-03
185.243.216.92,2023-01-03
185.243.218.110,2023-01-03
185.243.218.152,2023-01-03
185.243.218.153,2023-01-03
185.243.218.161,2023-01-03
185.243.218.200,2023-01-03
185.243.218.202,2023-01-03
185.243.218.204,2023-01-03
185.243.218.27,2023-01-03
185.243.218.41,2023-01-03
185.243.218.46,2023-01-03
185.243.218.55,2023-01-03
185.243.218.61,2023-01-03
185.243.218.78,2023-01-03
185.243.218.89,2023-01-03
185.243.218.95,2023-01-03
185.244.192.155,2023-01-03
185.244.192.175,2023-01-03
185.244.192.184,2023-01-03
185.244.194.139,2023-01-03
185.244.195.103,2023-01-03
185.244.195.157,2023-01-03
185.244.30.11,2023-01-03
185.244.30.20,2023-01-03
185.244.30.28,2023-01-03
185.244.30.32,2023-01-03
185.244.30.33,2023-01-03
185.244.30.36,2023-01-03
185.244.30.39,2023-01-03
185.244.30.41,2023-01-03
185.246.128.161,2023-01-03
185.246.188.60,2023-01-03
185.246.188.67,2023-01-03
185.246.188.74,2023-01-03
185.247.226.37,2023-01-03
185.247.226.89,2023-01-03
185.247.226.98,2023-01-03
185.254.75.55,2023-01-03
185.34.33.2,2023-01-03
185.35.202.222,2023-01-03
185.36.81.95,2023-01-03
185.38.175.130,2023-01-03
185.38.175.131,2023-01-03
185.38.175.133,2023-01-03
185.4.132.135,2023-01-03
185.4.132.183,2023-01-03
185.56.171.94,2023-01-03
185.56.83.83,2023-01-03
185.67.82.114,2023-01-03
185.7.33.146,2023-01-03
185.82.219.109,2023-01-03
185.86.148.90,2023-01-03
185.86.151.168,2023-01-03
187.20.55.120,2023-01-03
187.20.81.13,2023-01-03
188.126.94.84,2023-01-03
188.214.104.21,2023-01-03
188.68.32.101,2023-01-03
188.68.34.231,2023-01-03
188.68.35.136,2023-01-03
188.68.36.68,2023-01-03
188.68.37.236,2023-01-03
188.68.40.46,2023-01-03
188.68.41.191,2023-01-03
188.68.42.139,2023-01-03
188.68.45.180,2023-01-03
188.68.49.235,2023-01-03
188.68.49.3,2023-01-03
188.68.50.25,2023-01-03
188.68.51.44,2023-01-03
188.68.52.231,2023-01-03
188.68.54.158,2023-01-03
188.68.56.103,2023-01-03
188.68.56.175,2023-01-03
188.68.56.27,2023-01-03
188.68.56.86,2023-01-03
188.68.58.131,2023-01-03
189.147.141.198,2023-01-03
189.84.21.44,2023-01-03
190.10.8.166,2023-01-03
190.103.179.76,2023-01-03
190.103.179.88,2023-01-03
190.103.179.98,2023-01-03
190.120.229.98,2023-01-03
190.123.44.171,2023-01-03
190.211.254.97,2023-01-03
191.252.111.55,2023-01-03
192.195.80.10,2023-01-03
192.42.116.13,2023-01-03
192.42.116.14,2023-01-03
192.42.116.15,2023-01-03
192.42.116.16,2023-01-03
192.42.116.17,2023-01-03
192.42.116.18,2023-01-03
192.42.116.188,2023-01-03
192.42.116.189,2023-01-03
192.42.116.19,2023-01-03
192.42.116.191,2023-01-03
192.42.116.192,2023-01-03
192.42.116.193,2023-01-03
192.42.116.194,2023-01-03
192.42.116.195,2023-01-03
192.42.116.196,2023-01-03
192.42.116.197,2023-01-03
192.42.116.198,2023-01-03
192.42.116.199,2023-01-03
192.42.116.20,2023-01-03
192.42.116.200,2023-01-03
192.42.116.201,2023-01-03
192.42.116.202,2023-01-03
192.42.116.203,2023-01-03
192.42.116.204,2023-01-03
192.42.116.205,2023-01-03
192.42.116.206,2023-01-03
192.42.116.208,2023-01-03
192.42.116.209,2023-01-03
192.42.116.210,2023-01-03
192.42.116.211,2023-01-03
192.42.116.212,2023-01-03
192.42.116.213,2023-01-03
192.42.116.214,2023-01-03
192.42.116.215,2023-01-03
192.42.116.216,2023-01-03
192.42.116.217,2023-01-03
192.42.116.218,2023-01-03
192.42.116.219,2023-01-03
192.42.116.22,2023-01-03
192.42.116.220,2023-01-03
192.42.116.221,2023-01-03
192.42.116.222,2023-01-03
192.42.116.223,2023-01-03
192.42.116.23,2023-01-03
192.42.116.24,2023-01-03
192.42.116.25,2023-01-03
192.42.116.26,2023-01-03
192.42.116.27,2023-01-03
192.42.116.28,2023-01-03
192.99.32.74,2023-01-03
192.99.4.116,2023-01-03
193.105.134.150,2023-01-03
193.142.146.213,2023-01-03
193.189.100.194,2023-01-03
193.189.100.195,2023-01-03
193.189.100.196,2023-01-03
193.189.100.197,2023-01-03
193.189.100.198,2023-01-03
193.189.100.199,2023-01-03
193.189.100.200,2023-01-03
193.189.100.201,2023-01-03
193.189.100.202,2023-01-03
193.189.100.203,2023-01-03
193.189.100.204,2023-01-03
193.189.100.205,2023-01-03
193.189.100.206,2023-01-03
193.218.118.151,2023-01-03
193.218.118.182,2023-01-03
193.218.118.72,2023-01-03
193.239.232.102,2023-01-03
193.31.24.154,2023-01-03
194.169.175.150,2023-01-03
194.180.48.42,2023-01-03
194.32.107.60,2023-01-03
194.88.143.66,2023-01-03
195.123.209.18,2023-01-03
195.176.3.19,2023-01-03
195.176.3.20,2023-01-03
195.176.3.23,2023-01-03
195.176.3.24,2023-01-03
195.80.151.30,2023-01-03
195.88.74.206,2023-01-03
198.167.193.75,2023-01-03
198.251.84.99,2023-01-03
198.251.88.142,2023-01-03
198.251.88.70,2023-01-03
198.46.166.157,2023-01-03
198.50.128.237,2023-01-03
198.50.191.95,2023-01-03
198.58.107.53,2023-01-03
198.96.155.3,2023-01-03
198.98.48.192,2023-01-03
198.98.51.11,2023-01-03
198.98.51.189,2023-01-03
198.98.54.3,2023-01-03
198.98.55.102,2023-01-03
198.98.56.67,2023-01-03
198.98.57.191,2023-01-03
198.98.57.207,2023-01-03
198.98.59.120,2023-01-03
198.98.59.243,2023-01-03
198.98.60.90,2023-01-03
198.98.62.52,2023-01-03
199.195.248.172,2023-01-03
199.195.249.117,2023-01-03
199.195.249.214,2023-01-03
199.195.250.62,2023-01-03
199.195.251.187,2023-01-03
199.195.252.127,2023-01-03
199.195.252.5,2023-01-03
199.195.252.68,2023-01-03
199.195.253.156,2023-01-03
199.249.230.100,2023-01-03
199.249.230.101,2023-01-03
199.249.230.102,2023-01-03
199.249.230.103,2023-01-03
199.249.230.104,2023-01-03
199.249.230.105,2023-01-03
199.249.230.106,2023-01-03
199.249.230.107,2023-01-03
199.249.230.108,2023-01-03
199.249.230.109,2023-01-03
199.249.230.110,2023-01-03
199.249.230.111,2023-01-03
199.249.230.112,2023-01-03
199.249.230.115,2023-01-03
199.249.230.116,2023-01-03
199.249.230.117,2023-01-03
199.249.230.118,2023-01-03
199.249.230.119,2023-01-03
199.249.230.120,2023-01-03
199.249.230.121,2023-01-03
199.249.230.122,2023-01-03
199.249.230.123,2023-01-03
199.249.230.140,2023-01-03
199.249.230.141,2023-01-03
199.249.230.142,2023-01-03
199.249.230.143,2023-01-03
199.249.230.144,2023-01-03
199.249.230.145,2023-01-03
199.249.230.146,2023-01-03
199.249.230.147,2023-01-03
199.249.230.148,2023-01-03
199.249.230.149,2023-01-03
199.249.230.150,2023-01-03
199.249.230.151,2023-01-03
199.249.230.152,2023-01-03
199.249.230.153,2023-01-03
199.249.230.154,2023-01-03
199.249.230.155,2023-01-03
199.249.230.156,2023-01-03
199.249.230.157,2023-01-03
199.249.230.158,2023-01-03
199.249.230.159,2023-01-03
199.249.230.160,2023-01-03
199.249.230.161,2023-01-03
199.249.230.162,2023-01-03
199.249.230.163,2023-01-03
199.249.230.164,2023-01-03
199.249.230.165,2023-01-03
199.249.230.166,2023-01-03
199.249.230.167,2023-01-03
199.249.230.168,2023-01-03
199.249.230.169,2023-01-03
199.249.230.175,2023-01-03
199.249.230.176,2023-01-03
199.249.230.177,2023-01-03
199.249.230.178,2023-01-03
199.249.230.185,2023-01-03
199.249.230.186,2023-01-03
199.249.230.187,2023-01-03
199.249.230.189,2023-01-03
199.249.230.69,2023-01-03
199.249.230.73,2023-01-03
199.249.230.74,2023-01-03
199.249.230.75,2023-01-03
199.249.230.76,2023-01-03
199.249.230.77,2023-01-03
199.249.230.78,2023-01-03
199.249.230.79,2023-01-03
199.249.230.80,2023-01-03
199.249.230.81,2023-01-03
199.249.230.82,2023-01-03
199.249.230.83,2023-01-03
2.58.56.101,2023-01-03
20.48.104.6,2023-01-03
200.122.181.2,2023-01-03
200.25.16.77,2023-01-03
200.25.27.12,2023-01-03
200.25.27.8,2023-01-03
202.165.228.225,2023-01-03
203.28.246.101,2023-01-03
203.28.246.189,2023-01-03
204.11.50.131,2023-01-03
204.194.29.4,2023-01-03
204.8.156.142,2023-01-03
204.85.191.7,2023-01-03
204.85.191.8,2023-01-03
204.85.191.9,2023-01-03
205.185.114.160,2023-01-03
205.185.115.33,2023-01-03
205.185.116.34,2023-01-03
205.185.119.35,2023-01-03
205.185.120.206,2023-01-03
205.185.121.183,2023-01-03
205.185.122.109,2023-01-03
205.185.124.193,2023-01-03
205.185.124.200,2023-01-03
205.185.126.131,2023-01-03
205.185.127.226,2023-01-03
206.55.74.0,2023-01-03
207.192.70.250,2023-01-03
208.67.104.158,2023-01-03
208.67.104.161,2023-01-03
208.68.7.129,2023-01-03
208.90.122.145,2023-01-03
209.141.32.252,2023-01-03
209.141.34.134,2023-01-03
209.141.34.239,2023-01-03
209.141.34.39,2023-01-03
209.141.37.94,2023-01-03
209.141.41.103,2023-01-03
209.141.41.42,2023-01-03
209.141.45.189,2023-01-03
209.141.45.199,2023-01-03
209.141.45.205,2023-01-03
209.141.45.5,2023-01-03
209.141.46.203,2023-01-03
209.141.47.141,2023-01-03
209.141.47.4,2023-01-03
209.141.48.105,2023-01-03
209.141.48.216,2023-01-03
209.141.50.178,2023-01-03
209.141.51.102,2023-01-03
209.141.51.30,2023-01-03
209.141.52.23,2023-01-03
209.141.53.46,2023-01-03
209.141.54.195,2023-01-03
209.141.54.203,2023-01-03
209.141.54.66,2023-01-03
209.141.54.69,2023-01-03
209.141.55.11,2023-01-03
209.141.55.26,2023-01-03
209.141.57.178,2023-01-03
209.141.58.170,2023-01-03
209.141.59.116,2023-01-03
212.192.246.53,2023-01-03
212.192.246.54,2023-01-03
212.192.246.55,2023-01-03
212.192.246.74,2023-01-03
212.21.66.6,2023-01-03
212.227.115.239,2023-01-03
212.32.226.230,2023-01-03
212.95.50.77,2023-01-03
213.164.204.116,2023-01-03
213.164.204.146,2023-01-03
213.164.204.152,2023-01-03
213.164.204.165,2023-01-03
213.164.204.171,2023-01-03
213.164.204.177,2023-01-03
213.164.205.167,2023-01-03
213.164.205.168,2023-01-03
213.164.205.169,2023-01-03
213.164.206.123,2023-01-03
213.164.206.124,2023-01-03
213.252.140.118,2023-01-03
213.95.149.22,2023-01-03
216.10.247.146,2023-01-03
216.239.90.19,2023-01-03
216.73.159.101,2023-01-03
216.73.159.75,2023-01-03
217.12.215.167,2023-01-03
217.12.221.131,2023-01-03
217.133.59.137,2023-01-03
217.146.2.41,2023-01-03
217.170.197.121,2023-01-03
217.170.204.110,2023-01-03
217.79.178.53,2023-01-03
23.128.248.10,2023-01-03
23.128.248.11,2023-01-03
23.128.248.12,2023-01-03
23.128.248.13,2023-01-03
23.128.248.14,2023-01-03
23.128.248.15,2023-01-03
23.128.248.16,2023-01-03
23.128.248.17,2023-01-03
23.128.248.18,2023-01-03
23.128.248.19,2023-01-03
23.128.248.20,2023-01-03
23.128.248.201,2023-01-03
23.128.248.202,2023-01-03
23.128.248.203,2023-01-03
23.128.248.204,2023-01-03
23.128.248.205,2023-01-03
23.128.248.206,2023-01-03
23.128.248.207,2023-01-03
23.128.248.208,2023-01-03
23.128.248.209,2023-01-03
23.128.248.21,2023-01-03
23.128.248.210,2023-01-03
23.128.248.211,2023-01-03
23.128.248.212,2023-01-03
23.128.248.213,2023-01-03
23.128.248.214,2023-01-03
23.128.248.22,2023-01-03
23.128.248.23,2023-01-03
23.128.248.24,2023-01-03
23.128.248.25,2023-01-03
23.129.64.130,2023-01-03
23.129.64.131,2023-01-03
23.129.64.132,2023-01-03
23.129.64.133,2023-01-03
23.129.64.134,2023-01-03
23.129.64.135,2023-01-03
23.129.64.136,2023-01-03
23.129.64.137,2023-01-03
23.129.64.138,2023-01-03
23.129.64.139,2023-01-03
23.129.64.140,2023-01-03
23.129.64.141,2023-01-03
23.129.64.142,2023-01-03
23.129.64.143,2023-01-03
23.129.64.144,2023-01-03
23.129.64.145,2023-01-03
23.129.64.146,2023-01-03
23.129.64.147,2023-01-03
23.129.64.148,2023-01-03
23.129.64.149,2023-01-03
23.129.64.210,2023-01-03
23.129.64.211,2023-01-03
23.129.64.212,2023-01-03
23.129.64.213,2023-01-03
23.129.64.214,2023-01-03
23.129.64.215,2023-01-03
23.129.64.216,2023-01-03
23.129.64.217,2023-01-03
23.129.64.218,2023-01-03
23.129.64.219,2023-01-03
23.129.64.220,2023-01-03
23.129.64.221,2023-01-03
23.129.64.222,2023-01-03
23.129.64.223,2023-01-03
23.129.64.224,2023-01-03
23.129.64.225,2023-01-03
23.129.64.226,2023-01-03
23.129.64.227,2023-01-03
23.129.64.228,2023-01-03
23.129.64.229,2023-01-03
23.129.64.250,2023-01-03
23.137.249.112,2023-01-03
23.137.249.143,2023-01-03
23.137.249.150,2023-01-03
23.137.249.240,2023-01-03
23.137.249.8,2023-01-03
23.137.250.188,2023-01-03
23.137.250.30,2023-01-03
23.137.251.61,2023-01-03
23.137.251.62,2023-01-03
23.154.177.10,2023-01-03
23.154.177.11,2023-01-03
23.154.177.12,2023-01-03
23.154.177.13,2023-01-03
23.154.177.14,2023-01-03
23.154.177.15,2023-01-03
23.154.177.16,2023-01-03
23.154.177.17,2023-01-03
23.154.177.18,2023-01-03
23.154.177.19,2023-01-03
23.154.177.2,2023-01-03
23.154.177.20,2023-01-03
23.154.177.21,2023-01-03
23.154.177.22,2023-01-03
23.154.177.23,2023-01-03
23.154.177.24,2023-01-03
23.154.177.25,2023-01-03
23.154.177.3,2023-01-03
23.154.177.4,2023-01-03
23.154.177.5,2023-01-03
23.154.177.6,2023-01-03
23.154.177.7,2023-01-03
23.154.177.8,2023-01-03
23.154.177.9,2023-01-03
23.175.32.11,2023-01-03
27.255.75.198,2023-01-03
31.133.0.182,2023-01-03
31.171.154.166,2023-01-03
31.24.148.37,2023-01-03
31.3.135.250,2023-01-03
37.114.53.193,2023-01-03
37.114.57.56,2023-01-03
37.120.165.232,2023-01-03
37.120.185.151,2023-01-03
37.120.185.177,2023-01-03
37.120.186.208,2023-01-03
37.120.187.161,2023-01-03
37.120.190.134,2023-01-03
37.187.96.183,2023-01-03
37.221.198.3,2023-01-03
37.228.129.104,2023-01-03
37.228.129.109,2023-01-03
37.228.129.133,2023-01-03
37.228.129.24,2023-01-03
37.228.129.5,2023-01-03
37.252.254.33,2023-01-03
37.48.120.196,2023-01-03
37.9.231.195,2023-01-03
43.128.201.239,2023-01-03
45.11.57.48,2023-01-03
45.128.133.242,2023-01-03
45.129.231.1,2023-01-03
45.129.56.207,2023-01-03
45.134.225.36,2023-01-03
45.139.122.241,2023-01-03
45.150.172.2,2023-01-03
45.150.172.3,2023-01-03
45.150.172.4,2023-01-03
45.150.172.5,2023-01-03
45.150.172.6,2023-01-03
45.150.172.7,2023-01-03
45.150.172.8,2023-01-03
45.150.172.9,2023-01-03
45.151.167.10,2023-01-03
45.151.167.11,2023-01-03
45.151.167.12,2023-01-03
45.151.167.13,2023-01-03
45.154.98.173,2023-01-03
45.154.98.176,2023-01-03
45.154.98.220,2023-01-03
45.154.98.225,2023-01-03
45.154.98.33,2023-01-03
45.155.168.206,2023-01-03
45.155.173.194,2023-01-03
45.56.91.41,2023-01-03
45.61.184.137,2023-01-03
45.61.184.98,2023-01-03
45.61.185.132,2023-01-03
45.61.185.144,2023-01-03
45.61.185.188,2023-01-03
45.61.185.230,2023-01-03
45.61.185.40,2023-01-03
45.61.185.97,2023-01-03
45.61.186.160,2023-01-03
45.61.186.167,2023-01-03
45.61.186.193,2023-01-03
45.61.186.203,2023-01-03
45.61.186.221,2023-01-03
45.61.186.60,2023-01-03
45.61.186.97,2023-01-03
45.61.187.146,2023-01-03
45.61.187.229,2023-01-03
45.61.188.144,2023-01-03
45.61.188.182,2023-01-03
45.61.188.195,2023-01-03
45.61.188.223,2023-01-03
45.66.35.10,2023-01-03
45.66.35.35,2023-01-03
45.79.144.222,2023-01-03
45.79.177.21,2023-01-03
45.8.146.213,2023-01-03
45.9.150.103,2023-01-03
45.95.169.115,2023-01-03
45.95.169.145,2023-01-03
45.95.169.255,2023-01-03
46.166.139.111,2023-01-03
46.167.244.134,2023-01-03
46.167.244.6,2023-01-03
46.226.105.168,2023-01-03
46.232.251.191,2023-01-03
46.38.236.202,2023-01-03
46.38.254.246,2023-01-03
46.41.148.75,2023-01-03
47.243.103.140,2023-01-03
47.243.74.136,2023-01-03
5.181.80.132,2023-01-03
5.181.80.138,2023-01-03
5.187.53.194,2023-01-03
5.189.217.143,2023-01-03
5.196.95.34,2023-01-03
5.2.67.226,2023-01-03
5.2.70.140,2023-01-03
5.2.72.110,2023-01-03
5.2.72.113,2023-01-03
5.2.76.22,2023-01-03
5.2.77.22,2023-01-03
5.2.79.179,2023-01-03
5.2.79.190,2023-01-03
5.252.118.19,2023-01-03
5.252.23.30,2023-01-03
5.255.100.112,2023-01-03
5.255.100.126,2023-01-03
5.255.100.219,2023-01-03
5.255.100.245,2023-01-03
5.255.101.131,2023-01-03
5.255.101.25,2023-01-03
5.255.102.43,2023-01-03
5.255.103.135,2023-01-03
5.255.103.190,2023-01-03
5.255.103.235,2023-01-03
5.255.103.47,2023-01-03
5.255.104.14,2023-01-03
5.255.104.191,2023-01-03
5.255.104.207,2023-01-03
5.255.104.239,2023-01-03
5.255.104.95,2023-01-03
5.255.105.46,2023-01-03
5.255.111.64,2023-01-03
5.255.96.167,2023-01-03
5.255.96.218,2023-01-03
5.255.96.245,2023-01-03
5.255.97.170,2023-01-03
5.255.97.221,2023-01-03
5.255.98.151,2023-01-03
5.255.98.198,2023-01-03
5.255.98.23,2023-01-03
5.255.98.231,2023-01-03
5.255.99.124,2023-01-03
5.255.99.147,2023-01-03
5.255.99.205,2023-01-03
5.255.99.5,2023-01-03
5.255.99.74,2023-01-03
5.45.102.119,2023-01-03
5.45.102.155,2023-01-03
5.45.102.68,2023-01-03
5.45.102.93,2023-01-03
5.45.103.136,2023-01-03
5.45.104.112,2023-01-03
5.45.104.141,2023-01-03
5.45.104.176,2023-01-03
5.45.106.197,2023-01-03
5.45.106.207,2023-01-03
5.45.107.107,2023-01-03
5.45.96.177,2023-01-03
5.45.98.12,2023-01-03
5.45.98.153,2023-01-03
5.45.98.162,2023-01-03
5.45.98.97,2023-01-03
5.45.99.26,2023-01-03
5.79.109.48,2023-01-03
51.15.127.227,2023-01-03
51.15.227.109,2023-01-03
51.15.250.93,2023-01-03
51.15.59.15,2023-01-03
51.15.80.14,2023-01-03
51.195.166.175,2023-01-03
51.195.166.181,2023-01-03
51.195.166.182,2023-01-03
51.195.166.183,2023-01-03
51.195.166.195,2023-01-03
51.75.64.23,2023-01-03
51.81.254.17,2023-01-03
51.89.153.112,2023-01-03
54.36.101.21,2023-01-03
54.36.108.162,2023-01-03
54.38.183.101,2023-01-03
62.171.137.169,2023-01-03
62.182.84.146,2023-01-03
62.182.86.239,2023-01-03
64.5.123.66,2023-01-03
66.115.189.148,2023-01-03
66.146.193.33,2023-01-03
66.183.173.29,2023-01-03
66.220.242.222,2023-01-03
71.19.144.106,2023-01-03
71.19.144.89,2023-01-03
72.14.179.10,2023-01-03
72.167.47.69,2023-01-03
74.208.141.176,2023-01-03
74.208.141.239,2023-01-03
74.82.47.194,2023-01-03
75.63.67.33,2023-01-03
75.63.67.35,2023-01-03
77.220.196.253,2023-01-03
77.48.28.204,2023-01-03
77.48.28.206,2023-01-03
77.48.28.236,2023-01-03
77.48.28.237,2023-01-03
77.68.20.217,2023-01-03
77.68.26.238,2023-01-03
77.68.3.133,2023-01-03
77.68.75.173,2023-01-03
77.81.247.72,2023-01-03
77.91.123.136,2023-01-03
77.91.75.206,2023-01-03
78.130.128.106,2023-01-03
78.135.73.182,2023-01-03
79.102.27.113,2023-01-03
79.110.62.244,2023-01-03
79.137.194.146,2023-01-03
79.137.196.223,2023-01-03
80.241.60.207,2023-01-03
80.67.172.162,2023-01-03
80.78.27.121,2023-01-03
80.82.78.14,2023-01-03
81.16.33.42,2023-01-03
82.221.128.191,2023-01-03
82.221.131.5,2023-01-03
82.221.131.71,2023-01-03
82.223.14.245,2023-01-03
83.96.213.63,2023-01-03
83.97.20.151,2023-01-03
83.97.20.84,2023-01-03
83.97.20.88,2023-01-03
84.16.229.2,2023-01-03
84.239.46.144,2023-01-03
84.239.46.7,2023-01-03
84.243.66.85,2023-01-03
85.119.82.142,2023-01-03
85.214.100.39,2023-01-03
85.93.218.204,2023-01-03
87.118.110.27,2023-01-03
87.118.116.103,2023-01-03
87.118.116.90,2023-01-03
87.118.122.30,2023-01-03
87.118.122.51,2023-01-03
87.120.254.105,2023-01-03
87.120.37.231,2023-01-03
87.121.52.47,2023-01-03
87.237.165.31,2023-01-03
87.62.99.122,2023-01-03
88.208.212.65,2023-01-03
88.208.215.64,2023-01-03
88.208.225.209,2023-01-03
88.208.226.26,2023-01-03
88.208.240.188,2023-01-03
88.218.226.91,2023-01-03
88.80.20.86,2023-01-03
89.147.108.121,2023-01-03
89.147.111.106,2023-01-03
89.147.111.124,2023-01-03
89.163.143.8,2023-01-03
89.234.157.254,2023-01-03
89.236.112.100,2023-01-03
89.58.27.84,2023-01-03
89.58.30.164,2023-01-03
89.58.52.189,2023-01-03
89.58.54.46,2023-01-03
89.58.55.141,2023-01-03
91.132.144.59,2023-01-03
91.172.215.29,2023-01-03
91.203.144.194,2023-01-03
91.203.145.116,2023-01-03
91.203.5.118,2023-01-03
91.203.5.146,2023-01-03
91.203.5.165,2023-01-03
91.208.162.197,2023-01-03
91.208.75.153,2023-01-03
91.208.75.156,2023-01-03
91.208.75.178,2023-01-03
91.208.75.239,2023-01-03
91.208.75.3,2023-01-03
91.208.75.4,2023-01-03
91.218.20.198,2023-01-03
91.219.236.239,2023-01-03
91.232.37.241,2023-01-03
91.244.181.85,2023-01-03
91.92.109.126,2023-01-03
91.92.109.43,2023-01-03
92.205.129.119,2023-01-03
92.246.84.133,2023-01-03
92.87.6.117,2023-01-03
92.87.6.194,2023-01-03
93.123.12.112,2023-01-03
93.177.66.15,2023-01-03
93.95.226.212,2023-01-03
93.95.226.86,2023-01-03
93.95.228.205,2023-01-03
93.95.230.216,2023-01-03
93.99.104.194,2023-01-03
94.140.112.211,2023-01-03
94.140.114.210,2023-01-03
94.140.114.83,2023-01-03
94.140.115.0,2023-01-03
94.140.115.231,2023-01-03
94.142.241.194,2023-01-03
94.142.244.16,2023-01-03
94.16.116.81,2023-01-03
94.16.117.97,2023-01-03
94.16.121.91,2023-01-03
94.176.2.10,2023-01-03
94.230.208.147,2023-01-03
94.230.208.148,2023-01-03
94.32.66.15,2023-01-03
94.75.225.70,2023-01-03
95.128.43.164,2023-01-03
95.142.161.63,2023-01-03
95.143.193.125,2023-01-03
95.168.173.143,2023-01-03
95.214.235.135,2023-01-03
95.214.52.156,2023-01-03
95.214.52.187,2023-01-03
95.214.52.189,2023-01-03
95.214.52.208,2023-01-03
95.214.54.97,2023-01-03
95.214.55.43,2023-01-03
95.216.107.148,2023-01-03
102.130.127.117,2023-01-05
104.244.73.43,2023-01-05
104.244.77.5,2023-01-05
107.189.8.65,2023-01-05
130.149.80.199,2023-01-05
133.130.107.5,2023-01-05
160.119.100.188,2023-01-05
176.128.1.227,2023-01-05
185.146.232.119,2023-01-05
185.165.171.46,2023-01-05
185.243.216.17,2023-01-05
185.244.30.27,2023-01-05
185.244.30.30,2023-01-05
195.218.16.136,2023-01-05
198.98.60.107,2023-01-05
209.141.34.167,2023-01-05
5.189.217.153,2023-01-05
77.73.71.110,2023-01-05
79.102.242.229,2023-01-05
89.147.108.62,2023-01-05
95.94.106.104,2023-01-05
130.193.10.21,2023-01-06
130.193.15.186,2023-01-06
130.193.15.79,2023-01-06
158.101.162.237,2023-01-06
185.246.188.73,2023-01-06
185.248.101.215,2023-01-06
193.42.33.113,2023-01-06
199.195.248.54,2023-01-06
23.128.248.26,2023-01-06
23.128.248.27,2023-01-06
23.128.248.28,2023-01-06
23.128.248.29,2023-01-06
23.128.248.30,2023-01-06
23.128.248.31,2023-01-06
23.128.248.32,2023-01-06
23.128.248.34,2023-01-06
23.128.248.35,2023-01-06
23.152.225.2,2023-01-06
23.152.225.3,2023-01-06
23.152.225.4,2023-01-06
23.152.225.5,2023-01-06
23.152.225.6,2023-01-06
23.152.225.7,2023-01-06
46.182.21.248,2023-01-06
46.182.21.250,2023-01-06
79.102.15.3,2023-01-06
82.221.139.190,2023-01-06
109.98.208.42,2023-01-10
164.163.173.241,2023-01-10
176.97.74.218,2023-01-10
178.218.144.18,2023-01-10
178.31.2.124,2023-01-10
184.75.221.195,2023-01-10
185.112.156.109,2023-01-10
185.112.156.68,2023-01-10
185.112.156.72,2023-01-10
187.20.32.101,2023-01-10
205.185.117.149,2023-01-10
205.185.117.91,2023-01-10
23.152.225.8,2023-01-10
23.152.225.9,2023-01-10
45.133.74.98,2023-01-10
46.102.156.196,2023-01-10
5.255.101.10,2023-01-10
5.61.59.7,2023-01-10
91.203.5.115,2023-01-10
93.103.30.167,2023-01-10